,Datetime,Tweet,RT
0,Mon Jul 02 21:48:02 +0000 2018,"Today, it was my great honor to welcome Prime Minister Mark Rutte of the Netherlands, to the @WhiteHouse! https://t.co/Zn6ZLM0tzy",False
1,Mon Jul 02 16:29:17 +0000 2018,"RT @DHSgov: Today, DHS, @CBP, and @ICEgov will be sharing stories of the brave men and women who put their lives on the line every day with‚Ä¶",True
2,Mon Jul 02 03:01:30 +0000 2018,Congratulations to Andres Manuel Lopez Obrador on becoming the next President of Mexico. I look very much forward t‚Ä¶ https://t.co/g2GfAkKPd0,False
3,Sun Jul 01 23:24:17 +0000 2018,RT @larryelder: BEWARE! #TrumpDerangementSyndrome can be career ending. https://t.co/qm86ya6PlJ,True
4,Sun Jul 01 19:39:28 +0000 2018,"A big week, especially with our numerous victories in the Supreme Court. Heading back to the White House now. Focus‚Ä¶ https://t.co/jPZ5kt4XY1",False
5,Sun Jul 01 12:11:05 +0000 2018,"The Liberal Left, also known as the Democrats, want to get rid of ICE, who do a fantastic job, and want Open Border‚Ä¶ https://t.co/gVNySrk4Oa",False
6,Sun Jul 01 12:00:03 +0000 2018,I will be interviewed by @MariaBartiromo at 10:00 A.M. on @FoxNews,False
7,Sat Jun 30 19:44:09 +0000 2018,"When people come into our Country illegally, we must IMMEDIATELY escort them back out without going through years o‚Ä¶ https://t.co/l0cBzDIMn0",False
8,Sat Jun 30 19:31:42 +0000 2018,I will be interviewed by @MariaBartiromo on Sunday on @FoxNews at 10:00 A. M. Enjoy!,False
9,Sat Jun 30 19:26:12 +0000 2018,"Either we need to elect more Republicans in November or Republicans must end the ridiculous 60 vote, or Filibuster,‚Ä¶ https://t.co/BZR2xb8jqq",False
10,Sat Jun 30 19:17:42 +0000 2018,"I never pushed the Republicans in the House to vote for the Immigration Bill, either GOODLATTE 1 or 2, because it c‚Ä¶ https://t.co/tpKMP3vO6l",False
11,Sat Jun 30 19:05:48 +0000 2018,"A friend of mine and a man who has truly seen politics and life as few others ever will, Sean Spicer, has written a‚Ä¶ https://t.co/klFqfUfhlm",False
12,Sat Jun 30 12:33:55 +0000 2018,"I will be making my choice for Justice of the United States Supreme Court on the first Monday after the July 4th Holiday, July 9th!",False
13,Sat Jun 30 11:37:03 +0000 2018,"Just spoke to King Salman of Saudi Arabia and explained to him that, because of the turmoil &amp; disfunction in Iran a‚Ä¶ https://t.co/xxFxafSl3H",False
14,Sat Jun 30 11:22:41 +0000 2018,"To the great and brave men and women of ICE, do not worry or lose your spirit. You are doing a fantastic job of kee‚Ä¶ https://t.co/H4iJtg4xB2",False
15,Sat Jun 30 11:07:30 +0000 2018,"The Democrats are making a strong push to abolish ICE, one of the smartest, toughest and most spirited law enforcem‚Ä¶ https://t.co/WbFYrPzRLk",False
16,Sat Jun 30 10:59:46 +0000 2018,RT @DanScavino: ‚Äú@GovMikeHuckabee: Trump could nominate Moses for Supreme Court and Democrats would fight it‚Äù https://t.co/5wx3nVJxvF,True
17,Sat Jun 30 10:59:04 +0000 2018,"RT @realDonaldTrump: Six months after our TAX CUTS, more than 6 MILLION workers have received bonuses, pay raises, and retirement account c‚Ä¶",True
18,Sat Jun 30 10:57:05 +0000 2018,"RT @realDonaldTrump: Before going any further today, I want to address the horrific shooting that took place yesterday at the Capital Gazet‚Ä¶",True
19,Sat Jun 30 10:49:42 +0000 2018,"RT @IvankaTrump: Thank you @SecPompeo. 
It was an honor to join you and your talented, passionate colleagues at @StateDept to honor the her‚Ä¶",True
20,Sat Jun 30 10:49:20 +0000 2018,RT @IvankaTrump: Thank you Senator Alexander for your leadership on career + technical education. 11+ million students and workers across o‚Ä¶,True
21,Fri Jun 29 23:30:02 +0000 2018,The new plant being built by Foxconn in Wisconsin is incredible. Congratulations to the people of Wisconsin and to‚Ä¶ https://t.co/VH2tbPgIbH,False
22,Fri Jun 29 23:21:33 +0000 2018,"RT @FoxBusiness: .@IvankaTrump: ""I think one of the tremendous opportunities that were seeing because the economy is so strong is that peop‚Ä¶",True
23,Fri Jun 29 23:20:18 +0000 2018,"RT @Scavino45: ‚Äú@ICEgov New York operation leads to arrests of 3 dozen Darknet vendors selling illicit goods, weapons, drugs seized and mor‚Ä¶",True
24,Fri Jun 29 18:06:13 +0000 2018,"Six months after our TAX CUTS, more than 6 MILLION workers have received bonuses, pay raises, and retirement accoun‚Ä¶ https://t.co/GzLNe4WkQA",False
25,Fri Jun 29 17:59:22 +0000 2018,"Before going any further today, I want to address the horrific shooting that took place yesterday at the Capital Ga‚Ä¶ https://t.co/wcukrK7M48",False
26,Thu Jun 28 20:49:55 +0000 2018,"Prior to departing Wisconsin, I was briefed on the shooting at Capital Gazette in Annapolis, Maryland. My thoughts‚Ä¶ https://t.co/DUhjdWWxBP",False
27,Thu Jun 28 19:09:42 +0000 2018,"AMERICA IS OPEN FOR BUSINESS! 
https://t.co/fuRF2Z6CZl",False
28,Thu Jun 28 18:57:22 +0000 2018,"Today, we broke ground on a plant that will provide jobs for up to 15,000 Wisconsin Workers! As Foxconn has discove‚Ä¶ https://t.co/AkvrABaDNj",False
29,Thu Jun 28 13:06:01 +0000 2018,"I am in Milwaukee, Wisconsin, for meetings. Soon to leave for a big groundbreaking for Foxconn, which is building a‚Ä¶ https://t.co/d5Y3nMwa3g",False
30,Thu Jun 28 12:56:17 +0000 2018,....persecuted on old and/or totally unrelated charges (there was no collusion and there was no obstruction of the‚Ä¶ https://t.co/SpG2p56INu,False
31,Thu Jun 28 12:43:25 +0000 2018,When is Bob Mueller going to list his Conflicts of Interest? Why has it taken so long? Will they be listed at the t‚Ä¶ https://t.co/RNYRkyxZFx,False
32,Thu Jun 28 12:30:31 +0000 2018,Peter Strzok worked as the leader of the Rigged Witch Hunt for a long period of time - he got it started and was on‚Ä¶ https://t.co/HgmUjpufjL,False
33,Thu Jun 28 11:38:40 +0000 2018,"Just watched @SharkGregNorman on @foxandfriends. Said ‚ÄúPresident is doing a great job. All over the world, people w‚Ä¶ https://t.co/SBsUQf6LYp",False
34,Thu Jun 28 11:32:09 +0000 2018,"Amy Kremer, Women for Trump, was so great on @foxandfriends. Brave and very smart, thank you Amy! @AmyKremer",False
35,Thu Jun 28 11:25:15 +0000 2018,"Russia continues to say they had nothing to do with Meddling in our Election! Where is the DNC Server, and why didn‚Ä¶ https://t.co/aKI3hu6wef",False
36,Thu Jun 28 11:02:01 +0000 2018,"Lover FBI Agent Peter Strzok was given poor marks on yesterday‚Äôs closed door testimony and, according to most repor‚Ä¶ https://t.co/rijMTcMPQg",False
37,Thu Jun 28 03:24:54 +0000 2018,In recent days we have heard shameless attacks on our courageous law enforcement officers. Extremist Democrat polit‚Ä¶ https://t.co/bRsezeDPBR,False
38,Thu Jun 28 03:03:04 +0000 2018,"Thank you North Dakota. Together, we are MAKING AMERICA SAFE AND GREAT AGAIN! #MAGA https://t.co/6Am9n6px8I",False
39,Wed Jun 27 23:14:58 +0000 2018,Just landed in North Dakota with @SenJohnHoeven and @RepKevinCramer. We will see everyone at Scheels Arena shortly! https://t.co/pakUigKB61,False
40,Wed Jun 27 21:18:03 +0000 2018,"Today, it was my great honor to welcome President Marcelo Rebelo de Sousa of Portugal to the @WhiteHouse!üá∫üá∏üáµüáπ https://t.co/yd37K4Ei8R",False
41,Wed Jun 27 20:28:58 +0000 2018,Heading to North Dakota to fully stand with and endorse Kevin Cramer for Senate. He is an extraordinary Congressman‚Ä¶ https://t.co/qMniRSctDT,False
42,Wed Jun 27 19:13:34 +0000 2018,Statement on Justice Anthony Kennedy. #SCOTUS https://t.co/8aWJ6fWemA,False
43,Wed Jun 27 17:33:03 +0000 2018,"Today, I was thrilled to join student leaders from Colleges and Universities across the country... https://t.co/OQp3NcOeE4",False
44,Wed Jun 27 15:26:24 +0000 2018,"Harley-Davidson should stay 100% in America, with the people that got you your success. I‚Äôve done so much for you,‚Ä¶ https://t.co/kNmruD0swh",False
45,Wed Jun 27 14:11:05 +0000 2018,"Supreme Court rules in favor of non-union workers who are now, as an example, able to support a candidate of his or‚Ä¶ https://t.co/zZlPRIgB26",False
46,Wed Jun 27 12:39:56 +0000 2018,"HOUSE REPUBLICANS SHOULD PASS THE STRONG BUT FAIR IMMIGRATION BILL, KNOWN AS GOODLATTE II, IN THEIR AFTERNOON VOTE‚Ä¶ https://t.co/7NPrGsNjNW",False
47,Wed Jun 27 11:18:02 +0000 2018,"Congratulations to Maxine Waters, whose crazy rants have made her, together with Nancy Pelosi, the unhinged FACE of‚Ä¶ https://t.co/CusnE1izm7",False
48,Wed Jun 27 03:52:16 +0000 2018,Big and conclusive win by Mitt Romney. Congratulations! I look forward to working together - there is so much good‚Ä¶ https://t.co/CqjLaLDkkc,False
49,Wed Jun 27 02:59:30 +0000 2018,The legendary Gary Player at Turnberry in Scotland! https://t.co/3oGoqWhhtA,False
50,Wed Jun 27 02:54:46 +0000 2018,A great First Lady! https://t.co/Pt35aluI4C,False
51,Wed Jun 27 02:50:11 +0000 2018,RT @The_Trump_Train: @realDonaldTrump  https://t.co/9ubTCAyZkq,True
52,Wed Jun 27 02:47:23 +0000 2018,The Democrats are in Turmoil! Open Borders and unchecked Crime a certain way to lose elections. Republicans are for‚Ä¶ https://t.co/srI2CTyDds,False
53,Wed Jun 27 02:18:31 +0000 2018,"Wow! Big Trump Hater Congressman Joe Crowley, who many expected was going to take Nancy Pelosi‚Äôs place, just LOST h‚Ä¶ https://t.co/4TuokLaPMJ",False
54,Wed Jun 27 02:05:19 +0000 2018,"Tremendous win for Congressman Dan Donovan. You showed great courage in a tough race! New York, and my many friends‚Ä¶ https://t.co/JvRCgZpcG8",False
55,Wed Jun 27 01:52:50 +0000 2018,Congratulations to Governor Henry McMaster on your BIG election win! South Carolina loves you. We are all proud of‚Ä¶ https://t.co/jWLZKh1S99,False
56,Tue Jun 26 20:12:05 +0000 2018,"Today, we tell the story of an incredible HERO who defended our nation in World War Two ‚Äì First Lieutenant Garlin M‚Ä¶ https://t.co/nrpii7C3KK",False
57,Tue Jun 26 14:40:42 +0000 2018,SUPREME COURT UPHOLDS TRUMP TRAVEL BAN. Wow!,False
58,Tue Jun 26 13:30:44 +0000 2018,‚ÄúThe most profound question of our era: Was there a conspiracy in the Obama Department of Justice and the FBI to pr‚Ä¶ https://t.co/EY5JfbWzmt,False
59,Tue Jun 26 12:36:18 +0000 2018,"The face of the Democrats is now Maxine Waters who, together with Nancy Pelosi, have established a fine leadership‚Ä¶ https://t.co/k95es4evL2",False
60,Tue Jun 26 12:17:49 +0000 2018,A Harley-Davidson should never be built in another country-never! Their employees and customers are already very an‚Ä¶ https://t.co/iTUQaIXwHJ,False
61,Tue Jun 26 11:57:00 +0000 2018,"It was great being with Governor Henry McMaster last night in South Carolina. Henry is tough on Crime and Borders,‚Ä¶ https://t.co/XPG4k94aRL",False
62,Tue Jun 26 11:49:57 +0000 2018,....We are finishing our study of Tariffs on cars from the E.U. in that they have long taken advantage of the U.S.‚Ä¶ https://t.co/MOBnXWSfYl,False
63,Tue Jun 26 11:37:51 +0000 2018,"....When I had Harley-Davidson officials over to the White House, I chided them about tariffs in other countries, l‚Ä¶ https://t.co/PhSv1BSMYa",False
64,Tue Jun 26 11:25:01 +0000 2018,....We are getting other countries to reduce and eliminate tariffs and trade barriers that have been unfairly used‚Ä¶ https://t.co/n5sU0778dD,False
65,Tue Jun 26 11:16:36 +0000 2018,Early this year Harley-Davidson said they would move much of their plant operations in Kansas City to Thailand. Tha‚Ä¶ https://t.co/uDeWOh3mWJ,False
66,Tue Jun 26 01:35:03 +0000 2018,Thank you South Carolina. Now let‚Äôs get out tomorrow and VOTE for @HenryMcMaster! https://t.co/5xlz0wfMfu,False
67,Mon Jun 25 23:44:36 +0000 2018,Just landed in South Carolina - will be at the McMaster rally shortly! #MAGA,False
68,Mon Jun 25 23:30:34 +0000 2018,The hearing of Peter Strzok and the other hating frauds at the FBI &amp; DOJ should be shown to the public on live tele‚Ä¶ https://t.co/TFLQ7s7kmy,False
69,Mon Jun 25 23:22:12 +0000 2018,"Why is Senator Mark Warner (D-VA), perhaps in a near drunken state, claiming he has information that only he and Bo‚Ä¶ https://t.co/oumPE3BtVX",False
70,Mon Jun 25 23:11:24 +0000 2018,"RT @WhiteHouse: Today, @realDonaldTrump and @FLOTUS welcomed @KingAbdullahII and @QueenRania of the Hashemite Kingdom of Jordan to the Whit‚Ä¶",True
71,Mon Jun 25 23:06:56 +0000 2018,‚ÄúDirector David Lynch: Trump Could Go Down as One of the Greatest Presidents‚Äù https://t.co/AcgnIZNh6e,False
72,Mon Jun 25 21:28:06 +0000 2018,"Surprised that Harley-Davidson, of all companies, would be the first to wave the White Flag. I fought hard for them‚Ä¶ https://t.co/cTQIqsyfbK",False
73,Mon Jun 25 17:11:17 +0000 2018,"Congresswoman Maxine Waters, an extraordinarily low IQ person, has become, together with Nancy Pelosi, the Face of‚Ä¶ https://t.co/iZvAew0qOB",False
74,Mon Jun 25 16:58:59 +0000 2018,RT @EricTrump: Record High Economic Optimism: 51% of people think the the economy is good or excellent - this is the highest number @CNBC h‚Ä¶,True
75,Mon Jun 25 16:58:53 +0000 2018,"RT @TrumpGolf: Congratulations to our dear friend and @TrumpCharlotte member, @ScottMcCarron, on his incredible win at the @AmFamChamp this‚Ä¶",True
76,Mon Jun 25 14:39:20 +0000 2018,RT @marcorubio: Trump haters still haven‚Äôt realized how much they help him with their condescension of those who either voted for him or do‚Ä¶,True
77,Mon Jun 25 14:36:39 +0000 2018,"Will be heading to one of my favorite places, South Carolina, to fight for one of my original ‚Äúfighters,‚Äù Governor‚Ä¶ https://t.co/WUmWQiimJq",False
78,Mon Jun 25 12:54:25 +0000 2018,"....If this is done, illegal immigration will be stopped in it‚Äôs tracks - and at very little, by comparison, cost.‚Ä¶ https://t.co/HDii4VkUNc",False
79,Mon Jun 25 12:43:00 +0000 2018,"Hiring manythousands of judges, and going through a long and complicated legal process, is not the way to go - will‚Ä¶ https://t.co/try3EcJSAJ",False
80,Mon Jun 25 12:36:29 +0000 2018,Such a difference in the media coverage of the same immigration policies between the Obama Administration and ours.‚Ä¶ https://t.co/SIv7btegSk,False
81,Mon Jun 25 12:02:21 +0000 2018,"I have tried to stay uninvolved with the Department of Justice and FBI (although I do not legally have to), because‚Ä¶ https://t.co/rBebc0GHdb",False
82,Mon Jun 25 11:41:25 +0000 2018,"The Red Hen Restaurant should focus more on cleaning its filthy canopies, doors and windows (badly needs a paint jo‚Ä¶ https://t.co/CObp1kkDlk",False
83,Mon Jun 25 11:28:48 +0000 2018,Former Attorney General Michael Mukasey said that President Trump is probably correct that there was surveillance o‚Ä¶ https://t.co/O5DN6DKreR,False
84,Mon Jun 25 01:08:19 +0000 2018,".@RepClayHiggins has been a great help to me on Cutting Taxes, creating great new healthcare programs at low cost,‚Ä¶ https://t.co/8Y4VAfVZK3",False
85,Mon Jun 25 00:08:51 +0000 2018,"House Republicans could easily pass a Bill on Strong Border Security but remember, it still has to pass in the Sena‚Ä¶ https://t.co/1tJeUrJyV5",False
86,Mon Jun 25 00:01:05 +0000 2018,.@jimmyfallon is now whimpering to all that he did the famous ‚Äúhair show‚Äù with me (where he seriously messed up my‚Ä¶ https://t.co/O7qrzxhEWv,False
87,Sun Jun 24 20:12:25 +0000 2018,The United States is insisting that all countries that have placed artificial Trade Barriers and Tariffs on goods g‚Ä¶ https://t.co/5i0yZh1XSK,False
88,Sun Jun 24 15:08:33 +0000 2018,"....Our Immigration policy, laughed at all over the world, is very unfair to all of those people who have gone thro‚Ä¶ https://t.co/NnqUpbRHLp",False
89,Sun Jun 24 15:02:02 +0000 2018,"We cannot allow all of these people to invade our Country. When somebody comes in, we must immediately, with no Jud‚Ä¶ https://t.co/X8GwD9vA5p",False
90,Sun Jun 24 13:12:50 +0000 2018,"Democrats, fix the laws. Don‚Äôt RESIST. We are doing a far better job than Bush and Obama, but we need strength and‚Ä¶ https://t.co/0bxgKrG5Og",False
91,Sun Jun 24 01:43:41 +0000 2018,Major Wall Street Journal opinion piece today talking about the Russian Witch Hunt and the disgrace that it is. So‚Ä¶ https://t.co/ADkg5DLfQo,False
92,Sat Jun 23 22:06:58 +0000 2018,AMERICA IS OPEN FOR BUSINESS! https://t.co/ZjdlHwJlxm,False
93,Sat Jun 23 20:25:06 +0000 2018,Thank you @NVGOP! #MAGA https://t.co/OGTR2j6PGG,False
94,Sat Jun 23 17:12:03 +0000 2018,"Happy Birthday to Supreme Court Justice Clarence Thomas, a friend and great man! https://t.co/hlXYYkTjcv",False
95,Sat Jun 23 17:05:33 +0000 2018,"It‚Äôs very sad that Nancy Pelosi and her sidekick, Cryin‚Äô Chuck Schumer, want to protect illegal immigrants far more‚Ä¶ https://t.co/HidQanCeMr",False
96,Sat Jun 23 17:03:03 +0000 2018,"RT @HuckabeeOnTBN: TONIGHT: the President of the United States, @realDonaldTrump, sits down to discuss his thoughts about international rel‚Ä¶",True
97,Sat Jun 23 16:57:48 +0000 2018,Heading to Nevada to talk trade and immigration with supporters. Country‚Äôs economy is stronger than ever before wit‚Ä¶ https://t.co/kXEzed3ign,False
98,Sat Jun 23 14:53:30 +0000 2018,"My thoughts and prayers are with Representative Katie Arrington of South Carolina, including all of those involved‚Ä¶ https://t.co/s2qGDVlASC",False
99,Sat Jun 23 14:00:16 +0000 2018,".@VP Pence is heading to Pittsburgh, Pennsylvania where we have both strongly endorsed one of the finest men around‚Ä¶ https://t.co/fkXBNxvWZe",False
